partida_id,jogador_id,clube_id,titular,posicao_jogada,numero_camisa
1,1,1,1,,
1,2,1,1,,
1,3,1,1,,
1,4,1,1,,
1,5,1,1,,
1,6,1,1,,
1,7,1,1,,
1,8,1,1,,
1,9,1,1,,
1,10,1,1,,
1,11,1,1,,
1,12,2,1,,
1,13,2,1,,
1,14,2,1,,
1,15,2,1,,
1,16,2,1,,
1,17,2,1,,
1,18,2,1,,
1,19,2,1,,
1,20,2,1,,
1,21,2,1,,
1,22,2,1,,
1,23,1,0,,
1,24,2,0,,
2,25,3,1,,
2,26,3,1,,
2,27,3,1,,
2,28,3,1,,
2,29,3,1,,
2,30,3,1,,
2,31,3,1,,
2,32,3,1,,
2,33,3,1,,
2,34,3,1,,
2,35,3,1,,
2,36,4,1,,
2,37,4,1,,
2,38,4,1,,
2,39,4,1,,
2,40,4,1,,
2,41,4,1,,
2,42,4,1,,
2,43,4,1,,
2,44,4,1,,
2,45,4,1,,
2,46,4,1,,
2,47,4,0,,
2,48,4,0,,
3,49,5,1,,
3,50,5,1,,
3,51,5,1,,
3,52,5,1,,
3,53,5,1,,
3,54,5,1,,
3,55,5,1,,
3,56,5,1,,
3,57,5,1,,
3,58,5,1,,
3,59,5,1,,
3,60,6,1,,
3,61,6,1,,
3,62,6,1,,
3,63,6,1,,
3,64,6,1,,
3,65,6,1,,
3,66,6,1,,
3,67,6,1,,
3,68,6,1,,
3,69,6,1,,
3,70,6,1,,
3,71,5,0,,
3,72,5,0,,
3,73,6,0,,
4,74,7,1,,
4,75,7,1,,
4,76,7,1,,
4,77,7,1,,
4,78,7,1,,
4,79,7,1,,
4,80,7,1,,
4,81,7,1,,
4,82,7,1,,
4,83,7,1,,
4,84,7,1,,
4,85,8,1,,
4,86,8,1,,
4,87,8,1,,
4,88,8,1,,
4,89,8,1,,
4,90,8,1,,
4,91,8,1,,
4,92,8,1,,
4,93,8,1,,
4,94,8,1,,
4,95,8,1,,
4,96,7,0,,
4,97,7,0,,
5,98,9,1,,
5,99,9,1,,
5,100,9,1,,
5,101,9,1,,
5,102,9,1,,
5,103,9,1,,
5,104,9,1,,
5,105,9,1,,
5,106,9,1,,
5,107,9,1,,
5,108,9,1,,
5,109,10,1,,
5,110,10,1,,
5,111,10,1,,
5,112,10,1,,
5,113,10,1,,
5,114,10,1,,
5,115,10,1,,
5,116,10,1,,
5,117,10,1,,
5,118,10,1,,
5,119,10,1,,
5,120,9,0,,
5,121,9,0,,
5,122,10,0,,
5,123,10,0,,
6,124,11,1,,
6,125,11,1,,
6,126,11,1,,
6,127,11,1,,
6,128,11,1,,
6,129,11,1,,
6,130,11,1,,
6,131,11,1,,
6,132,11,1,,
6,133,11,1,,
6,134,11,1,,
6,135,12,1,,
6,136,12,1,,
6,137,12,1,,
6,138,12,1,,
6,139,12,1,,
6,140,12,1,,
6,141,12,1,,
6,142,12,1,,
6,143,12,1,,
6,144,12,1,,
6,145,12,1,,
6,146,11,0,,
6,147,11,0,,
6,148,12,0,,
6,149,12,0,,
7,150,13,1,,
7,151,13,1,,
7,152,13,1,,
7,153,13,1,,
7,154,13,1,,
7,155,13,1,,
7,156,13,1,,
7,157,13,1,,
7,158,13,1,,
7,159,13,1,,
7,160,13,1,,
7,161,14,1,,
7,162,14,1,,
7,163,14,1,,
7,164,14,1,,
7,165,14,1,,
7,166,14,1,,
7,167,14,1,,
7,168,14,1,,
7,169,14,1,,
7,170,14,1,,
7,171,14,1,,
7,172,13,0,,
7,173,14,0,,
8,174,15,1,,
8,175,15,1,,
8,176,15,1,,
8,177,15,1,,
8,178,15,1,,
8,179,15,1,,
8,180,15,1,,
8,181,15,1,,
8,182,15,1,,
8,183,15,1,,
8,184,15,1,,
8,185,16,1,,
8,186,16,1,,
8,187,16,1,,
8,188,16,1,,
8,189,16,1,,
8,190,16,1,,
8,191,16,1,,
8,192,16,1,,
8,193,16,1,,
8,194,16,1,,
8,195,16,1,,
8,196,15,0,,
8,197,15,0,,
8,198,16,0,,
8,199,16,0,,
9,200,17,1,,
9,201,17,1,,
9,202,17,1,,
9,203,17,1,,
9,204,17,1,,
9,205,17,1,,
9,206,17,1,,
9,207,17,1,,
9,208,17,1,,
9,209,17,1,,
9,210,17,1,,
9,211,18,1,,
9,212,18,1,,
9,213,18,1,,
9,214,18,1,,
9,215,18,1,,
9,216,18,1,,
9,217,18,1,,
9,218,18,1,,
9,219,18,1,,
9,220,18,1,,
9,221,18,1,,
9,222,17,0,,
9,223,18,0,,
9,224,18,0,,
10,225,19,1,,
10,226,19,1,,
10,227,19,1,,
10,228,19,1,,
10,229,19,1,,
10,230,19,1,,
10,231,19,1,,
10,232,19,1,,
10,233,19,1,,
10,234,19,1,,
10,235,19,1,,
10,236,20,1,,
10,237,20,1,,
10,238,20,1,,
10,239,20,1,,
10,240,20,1,,
10,241,20,1,,
10,242,20,1,,
10,243,20,1,,
10,244,20,1,,
10,245,20,1,,
10,246,20,1,,
10,247,19,0,,
10,248,19,0,,
10,249,20,0,,
10,250,20,0,,
11,98,9,1,,
11,99,9,1,,
11,120,9,1,,
11,101,9,1,,
11,100,9,1,,
11,102,9,1,,
11,104,9,1,,
11,105,9,1,,
11,106,9,1,,
11,108,9,1,,
11,107,9,1,,
11,12,2,1,,
11,13,2,1,,
11,14,2,1,,
11,16,2,1,,
11,15,2,1,,
11,17,2,1,,
11,251,2,1,,
11,19,2,1,,
11,20,2,1,,
11,21,2,1,,
11,22,2,1,,
11,252,9,0,,
11,253,9,0,,
12,1,1,1,,
12,2,1,1,,
12,3,1,1,,
12,4,1,1,,
12,5,1,1,,
12,6,1,1,,
12,9,1,1,,
12,8,1,1,,
12,7,1,1,,
12,11,1,1,,
12,10,1,1,,
12,109,10,1,,
12,111,10,1,,
12,113,10,1,,
12,254,10,1,,
12,110,10,1,,
12,255,10,1,,
12,116,10,1,,
12,115,10,1,,
12,256,10,1,,
12,117,10,1,,
12,118,10,1,,
12,257,1,0,,
12,123,10,0,,
12,119,10,0,,
13,60,6,1,,
13,61,6,1,,
13,64,6,1,,
13,62,6,1,,
13,63,6,1,,
13,65,6,1,,
13,67,6,1,,
13,66,6,1,,
13,68,6,1,,
13,258,6,1,,
13,73,6,1,,
13,135,12,1,,
13,136,12,1,,
13,137,12,1,,
13,139,12,1,,
13,138,12,1,,
13,142,12,1,,
13,259,12,1,,
13,141,12,1,,
13,145,12,1,,
13,143,12,1,,
13,144,12,1,,
14,200,17,1,,
14,201,17,1,,
14,203,17,1,,
14,204,17,1,,
14,260,17,1,,
14,261,17,1,,
14,207,17,1,,
14,208,17,1,,
14,209,17,1,,
14,210,17,1,,
14,262,17,1,,
14,85,8,1,,
14,86,8,1,,
14,87,8,1,,
14,88,8,1,,
14,89,8,1,,
14,90,8,1,,
14,91,8,1,,
14,92,8,1,,
14,93,8,1,,
14,94,8,1,,
14,95,8,1,,
14,202,17,0,,
14,263,17,0,,
15,236,20,1,,
15,264,20,1,,
15,239,20,1,,
15,238,20,1,,
15,240,20,1,,
15,243,20,1,,
15,244,20,1,,
15,245,20,1,,
15,249,20,1,,
15,246,20,1,,
15,250,20,1,,
15,185,16,1,,
15,186,16,1,,
15,189,16,1,,
15,187,16,1,,
15,265,16,1,,
15,190,16,1,,
15,191,16,1,,
15,192,16,1,,
15,195,16,1,,
15,193,16,1,,
15,194,16,1,,
15,266,20,0,,
15,267,16,0,,
15,268,16,0,,
16,74,7,1,,
16,75,7,1,,
16,76,7,1,,
16,269,7,1,,
16,78,7,1,,
16,80,7,1,,
16,81,7,1,,
16,270,7,1,,
16,96,7,1,,
16,82,7,1,,
16,84,7,1,,
16,211,18,1,,
16,214,18,1,,
16,213,18,1,,
16,215,18,1,,
16,271,18,1,,
16,216,18,1,,
16,219,18,1,,
16,218,18,1,,
16,224,18,1,,
16,220,18,1,,
16,221,18,1,,
16,97,7,0,,
16,223,18,0,,
17,36,4,1,,
17,38,4,1,,
17,40,4,1,,
17,39,4,1,,
17,41,4,1,,
17,47,4,1,,
17,42,4,1,,
17,43,4,1,,
17,272,4,1,,
17,44,4,1,,
17,46,4,1,,
17,60,6,1,,
17,61,6,1,,
17,64,6,1,,
17,273,6,1,,
17,62,6,1,,
17,65,6,1,,
17,68,6,1,,
17,66,6,1,,
17,67,6,1,,
17,69,6,1,,
17,73,6,1,,
17,274,4,0,,
17,48,4,0,,
18,135,12,1,,
18,136,12,1,,
18,137,12,1,,
18,139,12,1,,
18,138,12,1,,
18,259,12,1,,
18,142,12,1,,
18,141,12,1,,
18,145,12,1,,
18,143,12,1,,
18,144,12,1,,
18,25,3,1,,
18,275,3,1,,
18,26,3,1,,
18,27,3,1,,
18,29,3,1,,
18,30,3,1,,
18,31,3,1,,
18,32,3,1,,
18,33,3,1,,
18,34,3,1,,
18,276,3,1,,
18,140,12,0,,
18,35,3,0,,
19,109,10,1,,
19,277,10,1,,
19,254,10,1,,
19,113,10,1,,
19,110,10,1,,
19,255,10,1,,
19,116,10,1,,
19,115,10,1,,
19,256,10,1,,
19,117,10,1,,
19,118,10,1,,
19,49,5,1,,
19,278,5,1,,
19,50,5,1,,
19,52,5,1,,
19,51,5,1,,
19,53,5,1,,
19,56,5,1,,
19,57,5,1,,
19,59,5,1,,
19,54,5,1,,
19,58,5,1,,
19,123,10,0,,
19,119,10,0,,
19,279,5,0,,
20,12,2,1,,
20,13,2,1,,
20,280,2,1,,
20,16,2,1,,
20,15,2,1,,
20,17,2,1,,
20,251,2,1,,
20,19,2,1,,
20,21,2,1,,
20,20,2,1,,
20,22,2,1,,
20,124,11,1,,
20,125,11,1,,
20,281,11,1,,
20,126,11,1,,
20,127,11,1,,
20,146,11,1,,
20,130,11,1,,
20,131,11,1,,
20,132,11,1,,
20,282,11,1,,
20,134,11,1,,
20,283,2,0,,
20,24,2,0,,
20,284,11,0,,
21,236,20,1,,
21,264,20,1,,
21,238,20,1,,
21,239,20,1,,
21,240,20,1,,
21,243,20,1,,
21,244,20,1,,
21,245,20,1,,
21,249,20,1,,
21,246,20,1,,
21,250,20,1,,
21,150,13,1,,
21,151,13,1,,
21,153,13,1,,
21,152,13,1,,
21,154,13,1,,
21,155,13,1,,
21,172,13,1,,
21,157,13,1,,
21,160,13,1,,
21,158,13,1,,
21,159,13,1,,
21,266,20,0,,
21,285,13,0,,
22,286,1,1,,
22,2,1,1,,
22,3,1,1,,
22,4,1,1,,
22,5,1,1,,
22,6,1,1,,
22,7,1,1,,
22,8,1,1,,
22,9,1,1,,
22,10,1,1,,
22,11,1,1,,
22,98,9,1,,
22,287,9,1,,
22,120,9,1,,
22,101,9,1,,
22,100,9,1,,
22,102,9,1,,
22,104,9,1,,
22,105,9,1,,
22,253,9,1,,
22,106,9,1,,
22,108,9,1,,
22,288,1,0,,
22,257,1,0,,
22,252,9,0,,
22,289,9,0,,
23,200,17,1,,
23,201,17,1,,
23,203,17,1,,
23,204,17,1,,
23,202,17,1,,
23,206,17,1,,
23,260,17,1,,
23,207,17,1,,
23,208,17,1,,
23,209,17,1,,
23,263,17,1,,
23,74,7,1,,
23,75,7,1,,
23,76,7,1,,
23,269,7,1,,
23,78,7,1,,
23,96,7,1,,
23,81,7,1,,
23,270,7,1,,
23,80,7,1,,
23,290,7,1,,
23,82,7,1,,
23,291,17,0,,
23,292,17,0,,
23,293,7,0,,
24,294,14,1,,
24,163,14,1,,
24,295,14,1,,
24,296,14,1,,
24,165,14,1,,
24,168,14,1,,
24,167,14,1,,
24,166,14,1,,
24,169,14,1,,
24,170,14,1,,
24,171,14,1,,
24,211,18,1,,
24,271,18,1,,
24,213,18,1,,
24,214,18,1,,
24,215,18,1,,
24,216,18,1,,
24,223,18,1,,
24,219,18,1,,
24,218,18,1,,
24,224,18,1,,
24,220,18,1,,
24,297,14,0,,
24,173,14,0,,
24,217,18,0,,
25,85,8,1,,
25,298,8,1,,
25,87,8,1,,
25,89,8,1,,
25,88,8,1,,
25,90,8,1,,
25,91,8,1,,
25,92,8,1,,
25,93,8,1,,
25,95,8,1,,
25,94,8,1,,
25,174,15,1,,
25,176,15,1,,
25,175,15,1,,
25,299,15,1,,
25,178,15,1,,
25,179,15,1,,
25,180,15,1,,
25,181,15,1,,
25,184,15,1,,
25,182,15,1,,
25,196,15,1,,
25,183,15,0,,
26,225,19,1,,
26,226,19,1,,
26,227,19,1,,
26,229,19,1,,
26,228,19,1,,
26,231,19,1,,
26,233,19,1,,
26,235,19,1,,
26,300,19,1,,
26,301,19,1,,
26,234,19,1,,
26,185,16,1,,
26,186,16,1,,
26,187,16,1,,
26,188,16,1,,
26,189,16,1,,
26,190,16,1,,
26,191,16,1,,
26,302,16,1,,
26,194,16,1,,
26,195,16,1,,
26,193,16,1,,
26,198,16,0,,
26,199,16,0,,
27,36,4,1,,
27,37,4,1,,
27,38,4,1,,
27,39,4,1,,
27,40,4,1,,
27,41,4,1,,
27,43,4,1,,
27,42,4,1,,
27,44,4,1,,
27,46,4,1,,
27,303,4,1,,
27,135,12,1,,
27,136,12,1,,
27,137,12,1,,
27,139,12,1,,
27,138,12,1,,
27,142,12,1,,
27,140,12,1,,
27,141,12,1,,
27,145,12,1,,
27,143,12,1,,
27,144,12,1,,
27,304,4,0,,
27,47,4,0,,
27,149,12,0,,
27,305,12,0,,
28,283,2,1,,
28,16,2,1,,
28,280,2,1,,
28,13,2,1,,
28,15,2,1,,
28,17,2,1,,
28,251,2,1,,
28,19,2,1,,
28,21,2,1,,
28,20,2,1,,
28,22,2,1,,
28,49,5,1,,
28,50,5,1,,
28,51,5,1,,
28,52,5,1,,
28,53,5,1,,
28,279,5,1,,
28,56,5,1,,
28,59,5,1,,
28,54,5,1,,
28,58,5,1,,
28,306,5,1,,
28,24,2,0,,
29,294,14,1,,
29,163,14,1,,
29,295,14,1,,
29,164,14,1,,
29,165,14,1,,
29,296,14,1,,
29,166,14,1,,
29,169,14,1,,
29,297,14,1,,
29,170,14,1,,
29,171,14,1,,
29,225,19,1,,
29,307,19,1,,
29,227,19,1,,
29,229,19,1,,
29,228,19,1,,
29,231,19,1,,
29,233,19,1,,
29,235,19,1,,
29,300,19,1,,
29,234,19,1,,
29,301,19,1,,
29,308,14,0,,
29,232,19,0,,
29,309,19,0,,
30,1,1,1,,
30,3,1,1,,
30,288,1,1,,
30,5,1,1,,
30,2,1,1,,
30,6,1,1,,
30,9,1,1,,
30,8,1,1,,
30,7,1,1,,
30,10,1,1,,
30,11,1,1,,
30,124,11,1,,
30,146,11,1,,
30,126,11,1,,
30,281,11,1,,
30,127,11,1,,
30,125,11,1,,
30,131,11,1,,
30,132,11,1,,
30,282,11,1,,
30,134,11,1,,
30,310,11,1,,
30,257,1,0,,
30,129,11,0,,
31,200,17,1,,
31,201,17,1,,
31,311,17,1,,
31,203,17,1,,
31,204,17,1,,
31,205,17,1,,
31,312,17,1,,
31,260,17,1,,
31,208,17,1,,
31,313,17,1,,
31,210,17,1,,
31,294,14,1,,
31,163,14,1,,
31,295,14,1,,
31,165,14,1,,
31,296,14,1,,
31,168,14,1,,
31,169,14,1,,
31,166,14,1,,
31,297,14,1,,
31,170,14,1,,
31,171,14,1,,
31,263,17,0,,
31,173,14,0,,
32,225,19,1,,
32,307,19,1,,
32,227,19,1,,
32,228,19,1,,
32,229,19,1,,
32,231,19,1,,
32,233,19,1,,
32,232,19,1,,
32,235,19,1,,
32,300,19,1,,
32,301,19,1,,
32,74,7,1,,
32,75,7,1,,
32,76,7,1,,
32,269,7,1,,
32,78,7,1,,
32,96,7,1,,
32,270,7,1,,
32,80,7,1,,
32,81,7,1,,
32,82,7,1,,
32,84,7,1,,
32,314,19,0,,
32,234,19,0,,
32,293,7,0,,
32,315,7,0,,
33,109,10,1,,
33,111,10,1,,
33,254,10,1,,
33,110,10,1,,
33,255,10,1,,
33,116,10,1,,
33,117,10,1,,
33,256,10,1,,
33,316,10,1,,
33,118,10,1,,
33,119,10,1,,
33,25,3,1,,
33,26,3,1,,
33,275,3,1,,
33,27,3,1,,
33,29,3,1,,
33,30,3,1,,
33,31,3,1,,
33,32,3,1,,
33,33,3,1,,
33,34,3,1,,
33,276,3,1,,
33,113,10,0,,
33,123,10,0,,
33,317,3,0,,
33,28,3,0,,
34,85,8,1,,
34,86,8,1,,
34,87,8,1,,
34,89,8,1,,
34,88,8,1,,
34,90,8,1,,
34,91,8,1,,
34,92,8,1,,
34,93,8,1,,
34,94,8,1,,
34,95,8,1,,
34,236,20,1,,
34,238,20,1,,
34,264,20,1,,
34,239,20,1,,
34,240,20,1,,
34,244,20,1,,
34,243,20,1,,
34,245,20,1,,
34,249,20,1,,
34,246,20,1,,
34,250,20,1,,
34,241,20,0,,
34,242,20,0,,
35,150,13,1,,
35,152,13,1,,
35,153,13,1,,
35,151,13,1,,
35,154,13,1,,
35,155,13,1,,
35,172,13,1,,
35,156,13,1,,
35,158,13,1,,
35,318,13,1,,
35,160,13,1,,
35,174,15,1,,
35,177,15,1,,
35,176,15,1,,
35,175,15,1,,
35,178,15,1,,
35,179,15,1,,
35,180,15,1,,
35,184,15,1,,
35,319,15,1,,
35,183,15,1,,
35,182,15,1,,
35,320,13,0,,
35,321,13,0,,
35,322,15,0,,
35,323,15,0,,
36,283,2,1,,
36,16,2,1,,
36,280,2,1,,
36,13,2,1,,
36,15,2,1,,
36,17,2,1,,
36,251,2,1,,
36,19,2,1,,
36,21,2,1,,
36,20,2,1,,
36,22,2,1,,
36,60,6,1,,
36,61,6,1,,
36,273,6,1,,
36,64,6,1,,
36,62,6,1,,
36,65,6,1,,
36,68,6,1,,
36,324,6,1,,
36,67,6,1,,
36,69,6,1,,
36,70,6,1,,
36,24,2,0,,
36,325,6,0,,
37,135,12,1,,
37,136,12,1,,
37,137,12,1,,
37,139,12,1,,
37,138,12,1,,
37,259,12,1,,
37,142,12,1,,
37,140,12,1,,
37,145,12,1,,
37,143,12,1,,
37,144,12,1,,
37,49,5,1,,
37,278,5,1,,
37,50,5,1,,
37,52,5,1,,
37,51,5,1,,
37,53,5,1,,
37,279,5,1,,
37,56,5,1,,
37,59,5,1,,
37,54,5,1,,
37,58,5,1,,
38,326,9,1,,
38,287,9,1,,
38,99,9,1,,
38,102,9,1,,
38,327,9,1,,
38,121,9,1,,
38,108,9,1,,
38,289,9,1,,
38,106,9,1,,
38,253,9,1,,
38,252,9,1,,
38,124,11,1,,
38,146,11,1,,
38,281,11,1,,
38,126,11,1,,
38,127,11,1,,
38,125,11,1,,
38,131,11,1,,
38,132,11,1,,
38,328,11,1,,
38,310,11,1,,
38,284,11,1,,
38,129,11,0,,
38,134,11,0,,
39,211,18,1,,
39,212,18,1,,
39,214,18,1,,
39,215,18,1,,
39,213,18,1,,
39,216,18,1,,
39,218,18,1,,
39,219,18,1,,
39,223,18,1,,
39,220,18,1,,
39,329,18,1,,
39,185,16,1,,
39,186,16,1,,
39,267,16,1,,
39,189,16,1,,
39,188,16,1,,
39,190,16,1,,
39,191,16,1,,
39,192,16,1,,
39,195,16,1,,
39,193,16,1,,
39,194,16,1,,
39,224,18,0,,
39,221,18,0,,
39,268,16,0,,
39,198,16,0,,
40,174,15,1,,
40,177,15,1,,
40,175,15,1,,
40,176,15,1,,
40,178,15,1,,
40,179,15,1,,
40,180,15,1,,
40,184,15,1,,
40,319,15,1,,
40,183,15,1,,
40,182,15,1,,
40,236,20,1,,
40,238,20,1,,
40,264,20,1,,
40,239,20,1,,
40,240,20,1,,
40,244,20,1,,
40,243,20,1,,
40,249,20,1,,
40,330,20,1,,
40,246,20,1,,
40,250,20,1,,
40,322,15,0,,
40,196,15,0,,
40,331,20,0,,
40,266,20,0,,
41,225,19,1,,
41,226,19,1,,
41,227,19,1,,
41,229,19,1,,
41,228,19,1,,
41,231,19,1,,
41,233,19,1,,
41,232,19,1,,
41,235,19,1,,
41,300,19,1,,
41,301,19,1,,
41,150,13,1,,
41,320,13,1,,
41,151,13,1,,
41,152,13,1,,
41,154,13,1,,
41,155,13,1,,
41,172,13,1,,
41,156,13,1,,
41,158,13,1,,
41,160,13,1,,
41,159,13,1,,
41,314,19,0,,
41,234,19,0,,
41,321,13,0,,
42,74,7,1,,
42,75,7,1,,
42,332,7,1,,
42,78,7,1,,
42,269,7,1,,
42,96,7,1,,
42,81,7,1,,
42,270,7,1,,
42,80,7,1,,
42,290,7,1,,
42,84,7,1,,
42,294,14,1,,
42,163,14,1,,
42,295,14,1,,
42,165,14,1,,
42,296,14,1,,
42,168,14,1,,
42,169,14,1,,
42,297,14,1,,
42,170,14,1,,
42,308,14,1,,
42,171,14,1,,
42,333,7,0,,
42,334,7,0,,
42,166,14,0,,
42,167,14,0,,
43,25,3,1,,
43,317,3,1,,
43,275,3,1,,
43,27,3,1,,
43,29,3,1,,
43,335,3,1,,
43,32,3,1,,
43,31,3,1,,
43,33,3,1,,
43,34,3,1,,
43,276,3,1,,
43,1,1,1,,
43,336,1,1,,
43,3,1,1,,
43,4,1,1,,
43,5,1,1,,
43,8,1,1,,
43,9,1,1,,
43,337,1,1,,
43,7,1,1,,
43,10,1,1,,
43,11,1,1,,
43,28,3,0,,
43,338,3,0,,
43,339,1,0,,
44,135,12,1,,
44,136,12,1,,
44,137,12,1,,
44,139,12,1,,
44,138,12,1,,
44,259,12,1,,
44,142,12,1,,
44,140,12,1,,
44,145,12,1,,
44,143,12,1,,
44,144,12,1,,
44,326,9,1,,
44,99,9,1,,
44,327,9,1,,
44,101,9,1,,
44,100,9,1,,
44,102,9,1,,
44,104,9,1,,
44,121,9,1,,
44,105,9,1,,
44,108,9,1,,
44,289,9,1,,
44,141,12,0,,
44,252,9,0,,
44,107,9,0,,
45,49,5,1,,
45,278,5,1,,
45,50,5,1,,
45,51,5,1,,
45,52,5,1,,
45,53,5,1,,
45,56,5,1,,
45,279,5,1,,
45,59,5,1,,
45,54,5,1,,
45,58,5,1,,
45,36,4,1,,
45,304,4,1,,
45,38,4,1,,
45,39,4,1,,
45,41,4,1,,
45,42,4,1,,
45,43,4,1,,
45,47,4,1,,
45,44,4,1,,
45,303,4,1,,
45,46,4,1,,
45,57,5,0,,
45,340,5,0,,
45,341,4,0,,
46,109,10,1,,
46,111,10,1,,
46,113,10,1,,
46,254,10,1,,
46,110,10,1,,
46,255,10,1,,
46,117,10,1,,
46,316,10,1,,
46,256,10,1,,
46,118,10,1,,
46,119,10,1,,
46,60,6,1,,
46,61,6,1,,
46,273,6,1,,
46,64,6,1,,
46,62,6,1,,
46,65,6,1,,
46,67,6,1,,
46,68,6,1,,
46,324,6,1,,
46,69,6,1,,
46,325,6,1,,
46,122,10,0,,
46,342,10,0,,
46,343,6,0,,
46,344,6,0,,
47,85,8,1,,
47,86,8,1,,
47,87,8,1,,
47,88,8,1,,
47,89,8,1,,
47,90,8,1,,
47,91,8,1,,
47,92,8,1,,
47,93,8,1,,
47,94,8,1,,
47,95,8,1,,
47,185,16,1,,
47,186,16,1,,
47,267,16,1,,
47,189,16,1,,
47,188,16,1,,
47,190,16,1,,
47,192,16,1,,
47,191,16,1,,
47,194,16,1,,
47,193,16,1,,
47,195,16,1,,
47,345,8,0,,
47,346,8,0,,
47,199,16,0,,
48,326,9,1,,
48,99,9,1,,
48,287,9,1,,
48,327,9,1,,
48,102,9,1,,
48,104,9,1,,
48,121,9,1,,
48,105,9,1,,
48,108,9,1,,
48,289,9,1,,
48,107,9,1,,
48,25,3,1,,
48,317,3,1,,
48,27,3,1,,
48,28,3,1,,
48,29,3,1,,
48,30,3,1,,
48,32,3,1,,
48,31,3,1,,
48,33,3,1,,
48,34,3,1,,
48,276,3,1,,
48,106,9,0,,
48,252,9,0,,
49,1,1,1,,
49,2,1,1,,
49,3,1,1,,
49,4,1,1,,
49,5,1,1,,
49,6,1,1,,
49,9,1,1,,
49,8,1,1,,
49,7,1,1,,
49,339,1,1,,
49,10,1,1,,
49,36,4,1,,
49,341,4,1,,
49,38,4,1,,
49,39,4,1,,
49,40,4,1,,
49,41,4,1,,
49,42,4,1,,
49,43,4,1,,
49,44,4,1,,
49,303,4,1,,
49,46,4,1,,
49,257,1,0,,
49,347,1,0,,
49,304,4,0,,
49,348,4,0,,
50,225,19,1,,
50,226,19,1,,
50,227,19,1,,
50,229,19,1,,
50,228,19,1,,
50,232,19,1,,
50,233,19,1,,
50,314,19,1,,
50,234,19,1,,
50,300,19,1,,
50,301,19,1,,
50,211,18,1,,
50,214,18,1,,
50,213,18,1,,
50,215,18,1,,
50,271,18,1,,
50,349,18,1,,
50,216,18,1,,
50,218,18,1,,
50,223,18,1,,
50,220,18,1,,
50,221,18,1,,
50,235,19,0,,
50,309,19,0,,
50,219,18,0,,
50,224,18,0,,
51,124,11,1,,
51,146,11,1,,
51,126,11,1,,
51,281,11,1,,
51,127,11,1,,
51,125,11,1,,
51,129,11,1,,
51,131,11,1,,
51,282,11,1,,
51,134,11,1,,
51,310,11,1,,
51,109,10,1,,
51,277,10,1,,
51,254,10,1,,
51,110,10,1,,
51,255,10,1,,
51,116,10,1,,
51,113,10,1,,
51,256,10,1,,
51,117,10,1,,
51,123,10,1,,
51,342,10,1,,
51,132,11,0,,
51,284,11,0,,
51,115,10,0,,
51,350,10,0,,
52,150,13,1,,
52,320,13,1,,
52,151,13,1,,
52,152,13,1,,
52,154,13,1,,
52,155,13,1,,
52,172,13,1,,
52,156,13,1,,
52,158,13,1,,
52,160,13,1,,
52,159,13,1,,
52,185,16,1,,
52,186,16,1,,
52,267,16,1,,
52,188,16,1,,
52,189,16,1,,
52,190,16,1,,
52,191,16,1,,
52,192,16,1,,
52,194,16,1,,
52,193,16,1,,
52,195,16,1,,
52,321,13,0,,
52,351,13,0,,
52,265,16,0,,
53,74,7,1,,
53,75,7,1,,
53,332,7,1,,
53,78,7,1,,
53,269,7,1,,
53,96,7,1,,
53,80,7,1,,
53,270,7,1,,
53,81,7,1,,
53,290,7,1,,
53,84,7,1,,
53,174,15,1,,
53,177,15,1,,
53,175,15,1,,
53,176,15,1,,
53,178,15,1,,
53,179,15,1,,
53,180,15,1,,
53,184,15,1,,
53,319,15,1,,
53,183,15,1,,
53,196,15,1,,
53,82,7,0,,
53,322,15,0,,
54,236,20,1,,
54,238,20,1,,
54,264,20,1,,
54,239,20,1,,
54,240,20,1,,5
54,244,20,1,,10
54,243,20,1,,
54,249,20,1,,
54,330,20,1,,
54,246,20,1,,
54,250,20,1,,
54,200,17,1,,
54,201,17,1,,
54,311,17,1,,
54,203,17,1,,
54,204,17,1,,
54,205,17,1,,
54,260,17,1,,
54,312,17,1,,
54,208,17,1,,
54,210,17,1,,
54,313,17,1,,
54,331,20,0,,
54,242,20,0,,9
54,207,17,0,,
54,263,17,0,,
55,294,14,1,,
55,163,14,1,,
55,295,14,1,,
55,165,14,1,,
55,296,14,1,,
55,169,14,1,,
55,168,14,1,,
55,297,14,1,,
55,170,14,1,,
55,308,14,1,,
55,352,14,1,,
55,85,8,1,,
55,298,8,1,,
55,87,8,1,,
55,88,8,1,,
55,89,8,1,,
55,90,8,1,,
55,91,8,1,,
55,92,8,1,,
55,93,8,1,,
55,94,8,1,,
55,95,8,1,,
56,25,3,1,,
56,317,3,1,,
56,27,3,1,,
56,28,3,1,,
56,29,3,1,,
56,30,3,1,,
56,32,3,1,,
56,31,3,1,,
56,33,3,1,,
56,34,3,1,,
56,276,3,1,,
56,124,11,1,,
56,146,11,1,,
56,281,11,1,,
56,126,11,1,,
56,127,11,1,,
56,125,11,1,,
56,131,11,1,,
56,132,11,1,,
56,310,11,1,,
56,284,11,1,,
56,134,11,1,,
56,26,3,0,,
56,129,11,0,,
57,1,1,1,,
57,2,1,1,,
57,4,1,1,,
57,288,1,1,,
57,5,1,1,,
57,8,1,1,,
57,9,1,1,,
57,337,1,1,,
57,7,1,1,,
57,339,1,1,,
57,10,1,1,,
57,343,6,1,,
57,61,6,1,,
57,273,6,1,,
57,64,6,1,,
57,62,6,1,,
57,65,6,1,,
57,324,6,1,,
57,68,6,1,,
57,67,6,1,,
57,69,6,1,,
57,325,6,1,,
57,257,1,0,,
57,347,1,0,,
57,353,6,0,,
57,344,6,0,,
58,135,12,1,,
58,136,12,1,,
58,148,12,1,,
58,137,12,1,,
58,139,12,1,,
58,259,12,1,,
58,142,12,1,,
58,140,12,1,,
58,145,12,1,,
58,143,12,1,,
58,144,12,1,,
58,12,2,1,,
58,16,2,1,,
58,280,2,1,,
58,13,2,1,,
58,354,2,1,,
58,17,2,1,,
58,355,2,1,,
58,251,2,1,,
58,19,2,1,,
58,20,2,1,,
58,22,2,1,,
58,149,12,0,,
58,24,2,0,,
58,21,2,0,,
59,211,18,1,,
59,271,18,1,,
59,214,18,1,,
59,215,18,1,,
59,213,18,1,,
59,349,18,1,,
59,216,18,1,,
59,218,18,1,,
59,219,18,1,,
59,220,18,1,,
59,221,18,1,,
59,150,13,1,,
59,153,13,1,,
59,151,13,1,,
59,152,13,1,,
59,154,13,1,,
59,155,13,1,,
59,172,13,1,,
59,156,13,1,,
59,158,13,1,,
59,160,13,1,,
59,159,13,1,,
59,224,18,0,,
59,285,13,0,,
59,318,13,0,,
60,74,7,1,,
60,75,7,1,,
60,76,7,1,,
60,269,7,1,,
60,78,7,1,,
60,96,7,1,,
60,81,7,1,,
60,270,7,1,,
60,80,7,1,,
60,290,7,1,,
60,82,7,1,,
60,236,20,1,,
60,238,20,1,,
60,264,20,1,,
60,239,20,1,,
60,331,20,1,,
60,240,20,1,,
60,244,20,1,,
60,243,20,1,,
60,245,20,1,,
60,249,20,1,,
60,250,20,1,,
60,356,20,0,,
61,200,17,1,,
61,311,17,1,,
61,201,17,1,,
61,203,17,1,,
61,204,17,1,,
61,261,17,1,,
61,205,17,1,,
61,312,17,1,,
61,208,17,1,,
61,291,17,1,,
61,313,17,1,,
61,174,15,1,,
61,177,15,1,,
61,176,15,1,,
61,175,15,1,,
61,178,15,1,,
61,179,15,1,,
61,180,15,1,,
61,184,15,1,,
61,322,15,1,,
61,319,15,1,,
61,183,15,1,,
61,207,17,0,,
61,263,17,0,,
61,182,15,0,,
61,196,15,0,,
62,185,16,1,,
62,186,16,1,,
62,188,16,1,,
62,189,16,1,,
62,187,16,1,,
62,190,16,1,,
62,192,16,1,,
62,191,16,1,,
62,193,16,1,,
62,194,16,1,,
62,195,16,1,,
62,294,14,1,,
62,163,14,1,,
62,164,14,1,,
62,295,14,1,,
62,165,14,1,,
62,166,14,1,,
62,357,14,1,,
62,169,14,1,,
62,297,14,1,,
62,170,14,1,,
62,308,14,1,,
62,268,16,0,,
62,162,14,0,,
62,296,14,0,,
63,326,9,1,,
63,287,9,1,,
63,100,9,1,,
63,358,9,1,,
63,102,9,1,,
63,104,9,1,,
63,121,9,1,,
63,105,9,1,,
63,252,9,1,,
63,106,9,1,,
63,108,9,1,,
63,49,5,1,,
63,278,5,1,,
63,50,5,1,,
63,52,5,1,,
63,359,5,1,,
63,53,5,1,,
63,279,5,1,,
63,59,5,1,,
63,54,5,1,,
63,58,5,1,,
63,340,5,1,,
63,360,9,0,,
63,107,9,0,,
63,361,5,0,,
63,57,5,0,,
64,36,4,1,,
64,39,4,1,,
64,304,4,1,,
64,341,4,1,,
64,38,4,1,,
64,41,4,1,,
64,43,4,1,,
64,42,4,1,,
64,44,4,1,,
64,303,4,1,,
64,46,4,1,,
64,109,10,1,,
64,110,10,1,,
64,277,10,1,,
64,113,10,1,,
64,254,10,1,,
64,255,10,1,,
64,116,10,1,,
64,117,10,1,,
64,256,10,1,,
64,118,10,1,,
64,342,10,1,,
64,362,4,0,,
64,363,4,0,,
64,123,10,0,,
65,236,20,1,,
65,238,20,1,,
65,264,20,1,,
65,239,20,1,,
65,240,20,1,,
65,244,20,1,,
65,243,20,1,,
65,245,20,1,,
65,249,20,1,,
65,250,20,1,,
65,356,20,1,,
65,211,18,1,,
65,214,18,1,,
65,213,18,1,,
65,215,18,1,,
65,271,18,1,,
65,349,18,1,,
65,216,18,1,,
65,219,18,1,,
65,218,18,1,,
65,224,18,1,,
65,220,18,1,,
65,331,20,0,,
65,242,20,0,,
65,212,18,0,,
65,364,18,0,,
66,174,15,1,,
66,177,15,1,,
66,175,15,1,,
66,176,15,1,,
66,178,15,1,,
66,179,15,1,,
66,180,15,1,,
66,184,15,1,,
66,322,15,1,,
66,319,15,1,,
66,183,15,1,,
66,294,14,1,,
66,162,14,1,,
66,295,14,1,,
66,164,14,1,,
66,165,14,1,,
66,296,14,1,,
66,166,14,1,,
66,357,14,1,,
66,167,14,1,,
66,170,14,1,,
66,308,14,1,,
66,365,15,0,,
66,196,15,0,,
66,169,14,0,,
66,352,14,0,,
67,25,3,1,,
67,317,3,1,,
67,27,3,1,,
67,28,3,1,,
67,29,3,1,,
67,30,3,1,,
67,31,3,1,,
67,32,3,1,,
67,33,3,1,,
67,34,3,1,,
67,276,3,1,,
67,12,2,1,,
67,16,2,1,,
67,13,2,1,,
67,354,2,1,,
67,14,2,1,,
67,17,2,1,,
67,24,2,1,,
67,251,2,1,,
67,21,2,1,,
67,20,2,1,,
67,22,2,1,,
67,26,3,0,,
67,335,3,0,,
68,1,1,1,,
68,3,1,1,,
68,366,1,1,,
68,4,1,1,,
68,5,1,1,,
68,6,1,1,,
68,9,1,1,,
68,8,1,1,,
68,7,1,1,,
68,339,1,1,,
68,257,1,1,,
68,49,5,1,,
68,50,5,1,,
68,52,5,1,,
68,359,5,1,,
68,53,5,1,,
68,279,5,1,,
68,59,5,1,,
68,54,5,1,,
68,58,5,1,,
68,340,5,1,,
68,306,5,1,,
68,288,1,0,,
68,10,1,0,,
68,361,5,0,,
68,57,5,0,,
69,109,10,1,,
69,277,10,1,,
69,254,10,1,,
69,110,10,1,,
69,255,10,1,,
69,116,10,1,,
69,113,10,1,,
69,256,10,1,,
69,117,10,1,,
69,118,10,1,,
69,342,10,1,,
69,135,12,1,,
69,136,12,1,,
69,137,12,1,,
69,148,12,1,,
69,139,12,1,,
69,142,12,1,,
69,140,12,1,,
69,141,12,1,,
69,145,12,1,,
69,143,12,1,,
69,144,12,1,,
69,119,10,0,,
69,149,12,0,,
70,326,9,1,,
70,287,9,1,,
70,100,9,1,,
70,358,9,1,,
70,102,9,1,,
70,104,9,1,,
70,121,9,1,,
70,105,9,1,,
70,108,9,1,,
70,367,9,1,,
70,289,9,1,,
70,343,6,1,,
70,61,6,1,,
70,273,6,1,,
70,64,6,1,,
70,62,6,1,,
70,65,6,1,,
70,324,6,1,,
70,68,6,1,,
70,67,6,1,,
70,69,6,1,,
70,325,6,1,,
70,106,9,0,,
70,107,9,0,,
70,368,6,0,,
70,353,6,0,,
71,124,11,1,,
71,146,11,1,,
71,126,11,1,,
71,281,11,1,,
71,127,11,1,,
71,131,11,1,,
71,132,11,1,,
71,282,11,1,,
71,134,11,1,,
71,310,11,1,,
71,284,11,1,,
71,36,4,1,,
71,362,4,1,,
71,304,4,1,,
71,341,4,1,,
71,38,4,1,,
71,43,4,1,,
71,42,4,1,,
71,41,4,1,,
71,44,4,1,,
71,369,4,1,,
71,363,4,1,,
71,133,11,0,,
71,370,4,0,,
71,46,4,0,,
72,150,13,1,,
72,371,13,1,,
72,153,13,1,,
72,151,13,1,,
72,152,13,1,,
72,155,13,1,,
72,172,13,1,,
72,156,13,1,,
72,157,13,1,,
72,158,13,1,,
72,372,13,1,,
72,85,8,1,,
72,298,8,1,,
72,87,8,1,,
72,89,8,1,,
72,88,8,1,,
72,90,8,1,,
72,91,8,1,,
72,92,8,1,,
72,93,8,1,,
72,94,8,1,,
72,95,8,1,,
72,321,13,0,,
72,351,13,0,,
73,225,19,1,,
73,228,19,1,,
73,226,19,1,,
73,227,19,1,,
73,229,19,1,,
73,231,19,1,,
73,232,19,1,,
73,233,19,1,,
73,235,19,1,,
73,234,19,1,,
73,300,19,1,,
73,373,17,1,,
73,311,17,1,,
73,201,17,1,,
73,203,17,1,,
73,204,17,1,,
73,261,17,1,,
73,207,17,1,,
73,208,17,1,,
73,263,17,1,,
73,292,17,1,,
73,313,17,1,,
73,230,19,0,,
73,301,19,0,,
73,312,17,0,,
73,291,17,0,,
74,211,18,1,,
74,212,18,1,,
74,364,18,1,,
74,214,18,1,,
74,215,18,1,,
74,349,18,1,,
74,216,18,1,,
74,223,18,1,,
74,218,18,1,,
74,219,18,1,,
74,220,18,1,,
74,174,15,1,,
74,177,15,1,,
74,176,15,1,,
74,175,15,1,,
74,178,15,1,,
74,179,15,1,,
74,180,15,1,,
74,322,15,1,,
74,184,15,1,,
74,319,15,1,,
74,196,15,1,,
74,374,18,0,,
74,224,18,0,,
74,375,15,0,,
74,182,15,0,,
75,343,6,1,,
75,61,6,1,,
75,368,6,1,,
75,273,6,1,,
75,64,6,1,,
75,65,6,1,,
75,324,6,1,,
75,68,6,1,,
75,67,6,1,,
75,69,6,1,,
75,325,6,1,,
75,25,3,1,,
75,317,3,1,,
75,27,3,1,,
75,28,3,1,,
75,29,3,1,,
75,30,3,1,,
75,31,3,1,,
75,376,3,1,,
75,34,3,1,,
75,377,3,1,,
75,276,3,1,,
75,353,6,0,,
75,344,6,0,,
75,335,3,0,,
75,378,3,0,,
76,200,17,1,,
76,311,17,1,,
76,201,17,1,,
76,203,17,1,,
76,204,17,1,,
76,261,17,1,,
76,379,17,1,,
76,207,17,1,,
76,208,17,1,,
76,292,17,1,,
76,263,17,1,,
76,150,13,1,,
76,371,13,1,,
76,151,13,1,,
76,153,13,1,,
76,152,13,1,,
76,155,13,1,,
76,172,13,1,,
76,157,13,1,,
76,321,13,1,,
76,318,13,1,,
76,351,13,1,,
76,260,17,0,,
76,312,17,0,,
76,156,13,0,,
77,74,7,1,,
77,75,7,1,,
77,76,7,1,,
77,269,7,1,,
77,78,7,1,,
77,96,7,1,,
77,80,7,1,,
77,81,7,1,,
77,270,7,1,,
77,290,7,1,,
77,82,7,1,,
77,185,16,1,,
77,186,16,1,,
77,187,16,1,,
77,188,16,1,,
77,189,16,1,,
77,190,16,1,,
77,191,16,1,,
77,192,16,1,,
77,195,16,1,,
77,193,16,1,,
77,194,16,1,,
77,84,7,0,,
77,268,16,0,,
77,380,16,0,,
78,85,8,1,,
78,298,8,1,,
78,87,8,1,,
78,88,8,1,,
78,89,8,1,,
78,90,8,1,,
78,91,8,1,,
78,92,8,1,,
78,93,8,1,,
78,94,8,1,,
78,95,8,1,,
78,225,19,1,,
78,226,19,1,,
78,227,19,1,,
78,228,19,1,,
78,229,19,1,,
78,232,19,1,,
78,233,19,1,,
78,230,19,1,,
78,235,19,1,,
78,300,19,1,,
78,234,19,1,,
78,381,8,0,,
78,346,8,0,,
78,231,19,0,,
78,301,19,0,,
79,49,5,1,,
79,50,5,1,,
79,359,5,1,,
79,52,5,1,,
79,53,5,1,,
79,279,5,1,,
79,59,5,1,,
79,54,5,1,,
79,58,5,1,,
79,340,5,1,,
79,306,5,1,,
79,124,11,1,,
79,146,11,1,,
79,281,11,1,,
79,126,11,1,,
79,127,11,1,,
79,131,11,1,,
79,132,11,1,,
79,282,11,1,,
79,310,11,1,,
79,134,11,1,,
79,382,11,1,,
79,361,5,0,,
79,57,5,0,,
79,129,11,0,,
80,12,2,1,,
80,16,2,1,,
80,354,2,1,,
80,383,2,1,,
80,14,2,1,,
80,17,2,1,,
80,24,2,1,,
80,251,2,1,,
80,355,2,1,,
80,21,2,1,,
80,22,2,1,,
80,36,4,1,,
80,341,4,1,,
80,38,4,1,,
80,39,4,1,,
80,40,4,1,,
80,41,4,1,,
80,43,4,1,,
80,42,4,1,,
80,48,4,1,,
80,369,4,1,,
80,363,4,1,,
80,19,2,0,,
80,384,2,0,,
80,362,4,0,,
80,44,4,0,,
81,85,8,1,,
81,381,8,1,,
81,298,8,1,,
81,87,8,1,,
81,88,8,1,,
81,90,8,1,,
81,346,8,1,,
81,91,8,1,,
81,93,8,1,,
81,94,8,1,,
81,95,8,1,,
81,211,18,1,,
81,212,18,1,,
81,364,18,1,,
81,214,18,1,,
81,215,18,1,,
81,349,18,1,,
81,216,18,1,,
81,223,18,1,,
81,219,18,1,,
81,218,18,1,,
81,220,18,1,,
81,385,8,0,,
81,374,18,0,,
81,221,18,0,,
82,225,19,1,,
82,226,19,1,,
82,227,19,1,,
82,228,19,1,,
82,229,19,1,,
82,231,19,1,,
82,230,19,1,,
82,232,19,1,,
82,233,19,1,,
82,235,19,1,,
82,300,19,1,,
82,174,15,1,,
82,177,15,1,,
82,176,15,1,,
82,175,15,1,,
82,178,15,1,,
82,375,15,1,,
82,179,15,1,,
82,184,15,1,,
82,183,15,1,,
82,182,15,1,,
82,196,15,1,,
82,386,19,0,,
82,301,19,0,,
83,373,17,1,,
83,201,17,1,,
83,311,17,1,,
83,203,17,1,,
83,204,17,1,,
83,261,17,1,,
83,207,17,1,,
83,379,17,1,,
83,208,17,1,,
83,263,17,1,,
83,210,17,1,,
83,387,16,1,,
83,186,16,1,,
83,187,16,1,,
83,188,16,1,,
83,189,16,1,,
83,190,16,1,,
83,192,16,1,,
83,198,16,1,,
83,380,16,1,,
83,193,16,1,,
83,194,16,1,,
83,209,17,0,,
83,292,17,0,,
84,294,14,1,,
84,162,14,1,,
84,295,14,1,,
84,165,14,1,,
84,296,14,1,,
84,166,14,1,,
84,357,14,1,,
84,168,14,1,,
84,167,14,1,,
84,170,14,1,,
84,308,14,1,,
84,236,20,1,,
84,238,20,1,,
84,264,20,1,,
84,239,20,1,,
84,240,20,1,,
84,244,20,1,,
84,243,20,1,,
84,245,20,1,,
84,249,20,1,,
84,246,20,1,,
84,250,20,1,,
84,164,14,0,,
84,297,14,0,,
84,331,20,0,,
85,388,7,1,,
85,75,7,1,,
85,76,7,1,,
85,78,7,1,,
85,269,7,1,,
85,96,7,1,,
85,270,7,1,,
85,80,7,1,,
85,81,7,1,,
85,290,7,1,,
85,82,7,1,,
85,150,13,1,,
85,371,13,1,,
85,151,13,1,,
85,153,13,1,,
85,152,13,1,,
85,155,13,1,,
85,285,13,1,,
85,157,13,1,,
85,158,13,1,,
85,318,13,1,,
85,351,13,1,,
85,84,7,0,,
85,321,13,0,,
86,326,9,1,,
86,287,9,1,,
86,99,9,1,,
86,101,9,1,,
86,358,9,1,,
86,102,9,1,,
86,104,9,1,,
86,121,9,1,,
86,108,9,1,,
86,360,9,1,,
86,107,9,1,,
86,36,4,1,,
86,362,4,1,,
86,341,4,1,,
86,38,4,1,,
86,40,4,1,,
86,43,4,1,,
86,42,4,1,,
86,48,4,1,,
86,363,4,1,,
86,45,4,1,,
86,369,4,1,,
86,106,9,0,,
86,289,9,0,,
86,47,4,0,,
86,272,4,0,,
87,109,10,1,,
87,277,10,1,,
87,113,10,1,,
87,112,10,1,,
87,110,10,1,,
87,255,10,1,,
87,116,10,1,,
87,117,10,1,,
87,256,10,1,,
87,118,10,1,,
87,342,10,1,,
87,12,2,1,,
87,16,2,1,,
87,354,2,1,,
87,14,2,1,,
87,383,2,1,,
87,18,2,1,,
87,17,2,1,,
87,24,2,1,,
87,355,2,1,,
87,21,2,1,,
87,22,2,1,,
87,19,2,0,,
88,135,12,1,,
88,136,12,1,,
88,137,12,1,,
88,148,12,1,,
88,139,12,1,,
88,259,12,1,,
88,140,12,1,,
88,142,12,1,,
88,145,12,1,,
88,143,12,1,,
88,144,12,1,,
88,1,1,1,,
88,389,1,1,,
88,366,1,1,,
88,4,1,1,,
88,5,1,1,,
88,6,1,1,,
88,9,1,1,,
88,8,1,1,,
88,7,1,1,,
88,257,1,1,,
88,339,1,1,,
88,141,12,0,,
88,390,12,0,,
88,391,1,0,,
88,10,1,0,,
89,25,3,1,,
89,317,3,1,,
89,27,3,1,,
89,28,3,1,,
89,29,3,1,,
89,30,3,1,,
89,31,3,1,,
89,335,3,1,,
89,33,3,1,,
89,34,3,1,,
89,276,3,1,,
89,49,5,1,,
89,50,5,1,,
89,52,5,1,,
89,359,5,1,,
89,53,5,1,,
89,279,5,1,,
89,59,5,1,,
89,54,5,1,,
89,58,5,1,,
89,306,5,1,,
89,340,5,1,,
89,378,3,0,,
89,361,5,0,,
89,57,5,0,,
90,124,11,1,,
90,146,11,1,,
90,126,11,1,,
90,281,11,1,,
90,127,11,1,,
90,129,11,1,,
90,131,11,1,,
90,132,11,1,,
90,282,11,1,,
90,310,11,1,,
90,134,11,1,,
90,343,6,1,,
90,61,6,1,,
90,368,6,1,,
90,392,6,1,,
90,273,6,1,,
90,65,6,1,,
90,353,6,1,,
90,68,6,1,,
90,67,6,1,,
90,69,6,1,,
90,344,6,1,,
90,63,6,0,,
90,324,6,0,,
91,12,2,1,,
91,16,2,1,,
91,13,2,1,,
91,354,2,1,,
91,14,2,1,,
91,18,2,1,,
91,17,2,1,,
91,355,2,1,,
91,24,2,1,,
91,20,2,1,,
91,22,2,1,,
91,387,16,1,,
91,265,16,1,,
91,186,16,1,,
91,189,16,1,,
91,188,16,1,,
91,190,16,1,,
91,192,16,1,,
91,191,16,1,,
91,380,16,1,,
91,193,16,1,,
91,194,16,1,,
91,393,2,0,,
91,384,2,0,,
91,302,16,0,,
92,326,9,1,,
92,287,9,1,,
92,99,9,1,,
92,101,9,1,,
92,102,9,1,,
92,358,9,1,,
92,104,9,1,,
92,121,9,1,,
92,108,9,1,,
92,360,9,1,,
92,107,9,1,,
92,85,8,1,,
92,381,8,1,,
92,298,8,1,,
92,87,8,1,,
92,88,8,1,,
92,90,8,1,,
92,346,8,1,,
92,91,8,1,,
92,93,8,1,,
92,94,8,1,,
92,95,8,1,,
92,106,9,0,,
92,252,9,0,,
92,394,8,0,,
93,211,18,1,,
93,212,18,1,,
93,364,18,1,,
93,214,18,1,,
93,215,18,1,,
93,216,18,1,,
93,223,18,1,,
93,219,18,1,,
93,218,18,1,,
93,224,18,1,,
93,220,18,1,,
93,124,11,1,,
93,146,11,1,,
93,126,11,1,,
93,281,11,1,,
93,127,11,1,,
93,125,11,1,,
93,131,11,1,,
93,132,11,1,,
93,282,11,1,,
93,310,11,1,,
93,328,11,1,,
93,221,18,0,,
93,129,11,0,,
94,174,15,1,,
94,176,15,1,,
94,175,15,1,,
94,178,15,1,,
94,177,15,1,,
94,179,15,1,,
94,180,15,1,,
94,182,15,1,,
94,184,15,1,,
94,196,15,1,,
94,183,15,1,,
94,109,10,1,,
94,110,10,1,,
94,277,10,1,,
94,113,10,1,,
94,254,10,1,,
94,255,10,1,,
94,116,10,1,,
94,256,10,1,,
94,117,10,1,,
94,118,10,1,,
94,342,10,1,,
94,299,15,0,,
94,323,15,0,,
94,395,10,0,,
95,74,7,1,,
95,75,7,1,,
95,76,7,1,,
95,78,7,1,,
95,269,7,1,,
95,96,7,1,,
95,80,7,1,,
95,270,7,1,,
95,81,7,1,,
95,290,7,1,,
95,82,7,1,,
95,49,5,1,,
95,50,5,1,,
95,359,5,1,,
95,52,5,1,,
95,53,5,1,,
95,361,5,1,,
95,279,5,1,,
95,59,5,1,,
95,54,5,1,,
95,340,5,1,,
95,306,5,1,,
95,84,7,0,,
95,57,5,0,,
96,225,19,1,,
96,227,19,1,,
96,386,19,1,,
96,228,19,1,,
96,229,19,1,,
96,231,19,1,,
96,233,19,1,,
96,232,19,1,,
96,235,19,1,,
96,301,19,1,,
96,300,19,1,,
96,396,12,1,,
96,136,12,1,,
96,137,12,1,,
96,148,12,1,,
96,139,12,1,,
96,142,12,1,,
96,141,12,1,,
96,259,12,1,,
96,145,12,1,,
96,143,12,1,,
96,144,12,1,,
96,234,19,0,,
96,397,12,0,,
97,236,20,1,,
97,238,20,1,,
97,264,20,1,,
97,239,20,1,,
97,244,20,1,,
97,243,20,1,,
97,266,20,1,,
97,245,20,1,,
97,242,20,1,,
97,246,20,1,,
97,250,20,1,,
97,1,1,1,,
97,389,1,1,,
97,4,1,1,,
97,366,1,1,,
97,5,1,1,,
97,6,1,1,,
97,9,1,1,,
97,8,1,1,,
97,7,1,1,,
97,10,1,1,,
97,11,1,1,,
97,331,20,0,,
97,241,20,0,,
97,347,1,0,,
98,294,14,1,,
98,162,14,1,,
98,164,14,1,,
98,165,14,1,,
98,296,14,1,,
98,166,14,1,,
98,168,14,1,,
98,167,14,1,,
98,169,14,1,,
98,170,14,1,,
98,171,14,1,,
98,343,6,1,,
98,61,6,1,,
98,273,6,1,,
98,64,6,1,,
98,398,6,1,,
98,65,6,1,,
98,353,6,1,,
98,324,6,1,,
98,67,6,1,,
98,69,6,1,,
98,344,6,1,,
98,297,14,0,,
98,308,14,0,,
98,70,6,0,,
99,150,13,1,,
99,371,13,1,,
99,152,13,1,,
99,153,13,1,,
99,151,13,1,,
99,155,13,1,,
99,285,13,1,,
99,158,13,1,,
99,318,13,1,,
99,160,13,1,,
99,351,13,1,,
99,36,4,1,,
99,399,4,1,,
99,341,4,1,,
99,38,4,1,,
99,43,4,1,,
99,42,4,1,,
99,47,4,1,,
99,272,4,1,,
99,48,4,1,,
99,44,4,1,,
99,369,4,1,,
99,156,13,0,,
99,321,13,0,,
99,370,4,0,,
99,45,4,0,,
100,373,17,1,,
100,201,17,1,,
100,203,17,1,,
100,204,17,1,,
100,261,17,1,,
100,205,17,1,,
100,207,17,1,,
100,208,17,1,,
100,263,17,1,,
100,210,17,1,,
100,313,17,1,,
100,25,3,1,,
100,317,3,1,,
100,27,3,1,,
100,400,3,1,,
100,28,3,1,,
100,30,3,1,,
100,335,3,1,,
100,31,3,1,,
100,33,3,1,,
100,34,3,1,,
100,276,3,1,,
100,260,17,0,,
100,338,3,0,,
101,85,8,1,,
101,381,8,1,,
101,298,8,1,,
101,87,8,1,,
101,88,8,1,,
101,90,8,1,,
101,346,8,1,,
101,401,8,1,,
101,93,8,1,,
101,94,8,1,,
101,95,8,1,,
101,25,3,1,,
101,317,3,1,,
101,400,3,1,,
101,27,3,1,,
101,28,3,1,,
101,30,3,1,,
101,335,3,1,,
101,31,3,1,,
101,33,3,1,,
101,34,3,1,,
101,276,3,1,,
101,394,8,0,,
101,402,3,0,,
101,338,3,0,,
102,109,10,1,,
102,395,10,1,,
102,277,10,1,,
102,113,10,1,,
102,254,10,1,,
102,403,10,1,,
102,116,10,1,,
102,256,10,1,,
102,117,10,1,,
102,118,10,1,,
102,342,10,1,,
102,225,19,1,,
102,226,19,1,,
102,386,19,1,,
102,229,19,1,,
102,228,19,1,,
102,404,19,1,,
102,233,19,1,,
102,232,19,1,,
102,314,19,1,,
102,234,19,1,,
102,300,19,1,,
102,119,10,0,,
102,309,19,0,,
103,25,3,1,,
103,317,3,1,,
103,400,3,1,,
103,27,3,1,,
103,28,3,1,,
103,30,3,1,,
103,335,3,1,,
103,31,3,1,,
103,33,3,1,,
103,34,3,1,,
103,276,3,1,,
103,74,7,1,,
103,75,7,1,,
103,76,7,1,,
103,78,7,1,,
103,269,7,1,,
103,96,7,1,,
103,270,7,1,,
103,80,7,1,,
103,81,7,1,,
103,290,7,1,,
103,82,7,1,,
103,338,3,0,,
103,293,7,0,,
103,405,7,0,,
104,135,12,1,,
104,136,12,1,,
104,137,12,1,,
104,139,12,1,,
104,138,12,1,,
104,259,12,1,,
104,142,12,1,,
104,141,12,1,,
104,145,12,1,,
104,143,12,1,,
104,144,12,1,,
104,373,17,1,,
104,311,17,1,,
104,201,17,1,,
104,203,17,1,,
104,204,17,1,,
104,261,17,1,,
104,206,17,1,,
104,205,17,1,,
104,208,17,1,,
104,313,17,1,,
104,406,17,1,,
104,207,17,0,,
104,263,17,0,,
105,387,16,1,,
105,186,16,1,,
105,265,16,1,,
105,189,16,1,,
105,188,16,1,,
105,190,16,1,,
105,191,16,1,,
105,192,16,1,,
105,194,16,1,,
105,193,16,1,,
105,195,16,1,,
105,343,6,1,,
105,61,6,1,,
105,273,6,1,,
105,64,6,1,,
105,398,6,1,,
105,65,6,1,,
105,67,6,1,,
105,353,6,1,,
105,324,6,1,,
105,70,6,1,,
105,325,6,1,,
105,268,16,0,,
105,198,16,0,,
105,63,6,0,,
105,66,6,0,,
106,326,9,1,,
106,287,9,1,,
106,99,9,1,,
106,102,9,1,,
106,358,9,1,,
106,104,9,1,,
106,121,9,1,,
106,252,9,1,,
106,106,9,1,,
106,108,9,1,,
106,107,9,1,,
106,211,18,1,,
106,212,18,1,,
106,364,18,1,,
106,214,18,1,,
106,215,18,1,,
106,349,18,1,,
106,216,18,1,,
106,223,18,1,,
106,219,18,1,,
106,224,18,1,,
106,220,18,1,,
106,360,9,0,,
106,221,18,0,,
